board_name,thermal_zones,heat_sink,stressed_cpu_cores,temperature,timestamp,time-delta
nanopi-neo-air,2,1,4,34,1489411725,0
nanopi-neo-air,2,1,4,41,1489411726,1
nanopi-neo-air,2,1,4,44,1489411727,2
nanopi-neo-air,2,1,4,44,1489411728,3
nanopi-neo-air,2,1,4,45,1489411729,4
nanopi-neo-air,2,1,4,46,1489411730,5
nanopi-neo-air,2,1,4,46,1489411732,7
nanopi-neo-air,2,1,4,47,1489411733,8
nanopi-neo-air,2,1,4,47,1489411734,9
nanopi-neo-air,2,1,4,47,1489411735,10
nanopi-neo-air,2,1,4,47,1489411736,11
nanopi-neo-air,2,1,4,47,1489411737,12
nanopi-neo-air,2,1,4,47,1489411738,13
nanopi-neo-air,2,1,4,48,1489411739,14
nanopi-neo-air,2,1,4,48,1489411740,15
nanopi-neo-air,2,1,4,48,1489411741,16
nanopi-neo-air,2,1,4,48,1489411742,17
nanopi-neo-air,2,1,4,48,1489411743,18
nanopi-neo-air,2,1,4,48,1489411744,19
nanopi-neo-air,2,1,4,48,1489411746,21
nanopi-neo-air,2,1,4,48,1489411747,22
nanopi-neo-air,2,1,4,48,1489411748,23
nanopi-neo-air,2,1,4,48,1489411749,24
nanopi-neo-air,2,1,4,49,1489411750,25
nanopi-neo-air,2,1,4,49,1489411751,26
nanopi-neo-air,2,1,4,49,1489411752,27
nanopi-neo-air,2,1,4,49,1489411753,28
nanopi-neo-air,2,1,4,49,1489411754,29
nanopi-neo-air,2,1,4,49,1489411755,30
nanopi-neo-air,2,1,4,49,1489411756,31
nanopi-neo-air,2,1,4,49,1489411757,32
nanopi-neo-air,2,1,4,49,1489411759,34
nanopi-neo-air,2,1,4,49,1489411760,35
nanopi-neo-air,2,1,4,49,1489411761,36
nanopi-neo-air,2,1,4,50,1489411762,37
nanopi-neo-air,2,1,4,50,1489411763,38
nanopi-neo-air,2,1,4,49,1489411764,39
nanopi-neo-air,2,1,4,50,1489411765,40
nanopi-neo-air,2,1,4,50,1489411766,41
nanopi-neo-air,2,1,4,50,1489411767,42
nanopi-neo-air,2,1,4,50,1489411768,43
nanopi-neo-air,2,1,4,50,1489411769,44
nanopi-neo-air,2,1,4,50,1489411770,45
nanopi-neo-air,2,1,4,50,1489411771,46
nanopi-neo-air,2,1,4,50,1489411773,48
nanopi-neo-air,2,1,4,50,1489411774,49
nanopi-neo-air,2,1,4,50,1489411775,50
nanopi-neo-air,2,1,4,50,1489411776,51
nanopi-neo-air,2,1,4,50,1489411777,52
nanopi-neo-air,2,1,4,51,1489411778,53
nanopi-neo-air,2,1,4,50,1489411779,54
nanopi-neo-air,2,1,4,51,1489411780,55
nanopi-neo-air,2,1,4,51,1489411781,56
nanopi-neo-air,2,1,4,50,1489411782,57
nanopi-neo-air,2,1,4,50,1489411783,58
nanopi-neo-air,2,1,4,51,1489411785,60
nanopi-neo-air,2,1,4,51,1489411786,61
nanopi-neo-air,2,1,4,51,1489411787,62
nanopi-neo-air,2,1,4,51,1489411788,63
nanopi-neo-air,2,1,4,51,1489411789,64
nanopi-neo-air,2,1,4,51,1489411790,65
nanopi-neo-air,2,1,4,51,1489411791,66
nanopi-neo-air,2,1,4,51,1489411792,67
nanopi-neo-air,2,1,4,51,1489411794,69
nanopi-neo-air,2,1,4,51,1489411795,70
nanopi-neo-air,2,1,4,51,1489411796,71
nanopi-neo-air,2,1,4,51,1489411797,72
nanopi-neo-air,2,1,4,51,1489411798,73
nanopi-neo-air,2,1,4,51,1489411799,74
nanopi-neo-air,2,1,4,51,1489411800,75
nanopi-neo-air,2,1,4,51,1489411801,76
nanopi-neo-air,2,1,4,51,1489411802,77
nanopi-neo-air,2,1,4,51,1489411803,78
nanopi-neo-air,2,1,4,51,1489411804,79
nanopi-neo-air,2,1,4,52,1489411805,80
nanopi-neo-air,2,1,4,51,1489411807,82
nanopi-neo-air,2,1,4,52,1489411808,83
nanopi-neo-air,2,1,4,52,1489411809,84
nanopi-neo-air,2,1,4,51,1489411810,85
nanopi-neo-air,2,1,4,52,1489411811,86
nanopi-neo-air,2,1,4,52,1489411812,87
nanopi-neo-air,2,1,4,52,1489411813,88
nanopi-neo-air,2,1,4,52,1489411814,89
nanopi-neo-air,2,1,4,52,1489411815,90
nanopi-neo-air,2,1,4,52,1489411816,91
nanopi-neo-air,2,1,4,52,1489411817,92
nanopi-neo-air,2,1,4,52,1489411818,93
nanopi-neo-air,2,1,4,52,1489411820,95
nanopi-neo-air,2,1,4,52,1489411821,96
nanopi-neo-air,2,1,4,52,1489411822,97
nanopi-neo-air,2,1,4,52,1489411823,98
nanopi-neo-air,2,1,4,52,1489411824,99
nanopi-neo-air,2,1,4,52,1489411825,100
nanopi-neo-air,2,1,4,52,1489411826,101
nanopi-neo-air,2,1,4,52,1489411827,102
nanopi-neo-air,2,1,4,52,1489411828,103
nanopi-neo-air,2,1,4,52,1489411829,104
nanopi-neo-air,2,1,4,52,1489411830,105
nanopi-neo-air,2,1,4,52,1489411831,106
nanopi-neo-air,2,1,4,52,1489411833,108
nanopi-neo-air,2,1,4,52,1489411834,109
nanopi-neo-air,2,1,4,53,1489411835,110
nanopi-neo-air,2,1,4,52,1489411836,111
nanopi-neo-air,2,1,4,53,1489411837,112
nanopi-neo-air,2,1,4,53,1489411838,113
nanopi-neo-air,2,1,4,53,1489411839,114
nanopi-neo-air,2,1,4,53,1489411840,115
nanopi-neo-air,2,1,4,53,1489411841,116
nanopi-neo-air,2,1,4,53,1489411842,117
nanopi-neo-air,2,1,4,52,1489411843,118
nanopi-neo-air,2,1,4,53,1489411844,119
nanopi-neo-air,2,1,4,53,1489411846,121
nanopi-neo-air,2,1,4,53,1489411847,122
nanopi-neo-air,2,1,4,53,1489411848,123
nanopi-neo-air,2,1,4,53,1489411849,124
nanopi-neo-air,2,1,4,53,1489411850,125
nanopi-neo-air,2,1,4,53,1489411851,126
nanopi-neo-air,2,1,4,53,1489411852,127
nanopi-neo-air,2,1,4,53,1489411853,128
nanopi-neo-air,2,1,4,53,1489411854,129
nanopi-neo-air,2,1,4,53,1489411855,130
nanopi-neo-air,2,1,4,53,1489411856,131
nanopi-neo-air,2,1,4,53,1489411857,132
nanopi-neo-air,2,1,4,53,1489411858,133
nanopi-neo-air,2,1,4,53,1489411860,135
nanopi-neo-air,2,1,4,53,1489411861,136
nanopi-neo-air,2,1,4,53,1489411862,137
nanopi-neo-air,2,1,4,53,1489411863,138
nanopi-neo-air,2,1,4,53,1489411864,139
nanopi-neo-air,2,1,4,53,1489411865,140
nanopi-neo-air,2,1,4,53,1489411866,141
nanopi-neo-air,2,1,4,54,1489411867,142
nanopi-neo-air,2,1,4,53,1489411868,143
nanopi-neo-air,2,1,4,54,1489411869,144
nanopi-neo-air,2,1,4,53,1489411870,145
nanopi-neo-air,2,1,4,54,1489411871,146
nanopi-neo-air,2,1,4,54,1489411873,148
nanopi-neo-air,2,1,4,54,1489411874,149
nanopi-neo-air,2,1,4,54,1489411875,150
nanopi-neo-air,2,1,4,54,1489411876,151
nanopi-neo-air,2,1,4,54,1489411877,152
nanopi-neo-air,2,1,4,54,1489411878,153
nanopi-neo-air,2,1,4,54,1489411879,154
nanopi-neo-air,2,1,4,54,1489411881,156
nanopi-neo-air,2,1,4,54,1489411882,157
nanopi-neo-air,2,1,4,54,1489411883,158
nanopi-neo-air,2,1,4,54,1489411884,159
nanopi-neo-air,2,1,4,54,1489411885,160
nanopi-neo-air,2,1,4,54,1489411886,161
nanopi-neo-air,2,1,4,54,1489411887,162
nanopi-neo-air,2,1,4,54,1489411888,163
nanopi-neo-air,2,1,4,54,1489411889,164
nanopi-neo-air,2,1,4,54,1489411890,165
nanopi-neo-air,2,1,4,54,1489411891,166
nanopi-neo-air,2,1,4,54,1489411892,167
nanopi-neo-air,2,1,4,54,1489411893,168
nanopi-neo-air,2,1,4,54,1489411895,170
nanopi-neo-air,2,1,4,54,1489411896,171
nanopi-neo-air,2,1,4,54,1489411897,172
nanopi-neo-air,2,1,4,54,1489411898,173
nanopi-neo-air,2,1,4,54,1489411899,174
nanopi-neo-air,2,1,4,55,1489411900,175
nanopi-neo-air,2,1,4,54,1489411901,176
nanopi-neo-air,2,1,4,54,1489411902,177
nanopi-neo-air,2,1,4,55,1489411903,178
nanopi-neo-air,2,1,4,55,1489411904,179
nanopi-neo-air,2,1,4,55,1489411905,180
nanopi-neo-air,2,1,4,55,1489411906,181
nanopi-neo-air,2,1,4,55,1489411908,183
nanopi-neo-air,2,1,4,54,1489411909,184
nanopi-neo-air,2,1,4,55,1489411910,185
nanopi-neo-air,2,1,4,55,1489411911,186
nanopi-neo-air,2,1,4,55,1489411912,187
nanopi-neo-air,2,1,4,55,1489411913,188
nanopi-neo-air,2,1,4,55,1489411914,189
nanopi-neo-air,2,1,4,55,1489411915,190
nanopi-neo-air,2,1,4,55,1489411916,191
nanopi-neo-air,2,1,4,55,1489411917,192
nanopi-neo-air,2,1,4,55,1489411918,193
nanopi-neo-air,2,1,4,55,1489411919,194
nanopi-neo-air,2,1,4,55,1489411921,196
nanopi-neo-air,2,1,4,55,1489411922,197
nanopi-neo-air,2,1,4,55,1489411923,198
nanopi-neo-air,2,1,4,55,1489411924,199
nanopi-neo-air,2,1,4,55,1489411925,200
nanopi-neo-air,2,1,4,55,1489411926,201
nanopi-neo-air,2,1,4,55,1489411927,202
nanopi-neo-air,2,1,4,55,1489411928,203
nanopi-neo-air,2,1,4,55,1489411929,204
nanopi-neo-air,2,1,4,55,1489411930,205
nanopi-neo-air,2,1,4,55,1489411931,206
nanopi-neo-air,2,1,4,55,1489411932,207
nanopi-neo-air,2,1,4,55,1489411934,209
nanopi-neo-air,2,1,4,55,1489411935,210
nanopi-neo-air,2,1,4,55,1489411936,211
nanopi-neo-air,2,1,4,55,1489411937,212
nanopi-neo-air,2,1,4,55,1489411938,213
nanopi-neo-air,2,1,4,55,1489411939,214
nanopi-neo-air,2,1,4,55,1489411940,215
nanopi-neo-air,2,1,4,56,1489411941,216
nanopi-neo-air,2,1,4,55,1489411942,217
nanopi-neo-air,2,1,4,55,1489411943,218
nanopi-neo-air,2,1,4,55,1489411944,219
nanopi-neo-air,2,1,4,55,1489411945,220
nanopi-neo-air,2,1,4,56,1489411947,222
nanopi-neo-air,2,1,4,55,1489411948,223
nanopi-neo-air,2,1,4,56,1489411949,224
nanopi-neo-air,2,1,4,55,1489411950,225
nanopi-neo-air,2,1,4,56,1489411951,226
nanopi-neo-air,2,1,4,56,1489411952,227
nanopi-neo-air,2,1,4,56,1489411953,228
nanopi-neo-air,2,1,4,56,1489411954,229
nanopi-neo-air,2,1,4,56,1489411955,230
nanopi-neo-air,2,1,4,56,1489411956,231
nanopi-neo-air,2,1,4,56,1489411957,232
nanopi-neo-air,2,1,4,56,1489411958,233
nanopi-neo-air,2,1,4,56,1489411960,235
nanopi-neo-air,2,1,4,56,1489411961,236
nanopi-neo-air,2,1,4,56,1489411962,237
nanopi-neo-air,2,1,4,56,1489411963,238
nanopi-neo-air,2,1,4,56,1489411964,239
nanopi-neo-air,2,1,4,56,1489411965,240
nanopi-neo-air,2,1,4,56,1489411966,241
nanopi-neo-air,2,1,4,56,1489411967,242
nanopi-neo-air,2,1,4,56,1489411968,243
nanopi-neo-air,2,1,4,56,1489411969,244
nanopi-neo-air,2,1,4,56,1489411970,245
nanopi-neo-air,2,1,4,56,1489411971,246
nanopi-neo-air,2,1,4,56,1489411973,248
nanopi-neo-air,2,1,4,56,1489411974,249
nanopi-neo-air,2,1,4,56,1489411975,250
nanopi-neo-air,2,1,4,56,1489411976,251
nanopi-neo-air,2,1,4,56,1489411977,252
nanopi-neo-air,2,1,4,56,1489411978,253
nanopi-neo-air,2,1,4,56,1489411979,254
nanopi-neo-air,2,1,4,56,1489411980,255
nanopi-neo-air,2,1,4,56,1489411981,256
nanopi-neo-air,2,1,4,56,1489411982,257
nanopi-neo-air,2,1,4,57,1489411983,258
nanopi-neo-air,2,1,4,57,1489411984,259
nanopi-neo-air,2,1,4,56,1489411986,261
nanopi-neo-air,2,1,4,57,1489411987,262
nanopi-neo-air,2,1,4,57,1489411988,263
nanopi-neo-air,2,1,4,56,1489411989,264
nanopi-neo-air,2,1,4,56,1489411990,265
nanopi-neo-air,2,1,4,57,1489411991,266
nanopi-neo-air,2,1,4,57,1489411992,267
nanopi-neo-air,2,1,4,57,1489411993,268
nanopi-neo-air,2,1,4,57,1489411994,269
nanopi-neo-air,2,1,4,57,1489411995,270
nanopi-neo-air,2,1,4,57,1489411996,271
nanopi-neo-air,2,1,4,57,1489411997,272
nanopi-neo-air,2,1,4,57,1489411999,274
nanopi-neo-air,2,1,4,57,1489412000,275
nanopi-neo-air,2,1,4,57,1489412001,276
nanopi-neo-air,2,1,4,57,1489412002,277
nanopi-neo-air,2,1,4,57,1489412003,278
nanopi-neo-air,2,1,4,57,1489412004,279
nanopi-neo-air,2,1,4,57,1489412005,280
nanopi-neo-air,2,1,4,57,1489412006,281
nanopi-neo-air,2,1,4,57,1489412007,282
nanopi-neo-air,2,1,4,57,1489412008,283
nanopi-neo-air,2,1,4,57,1489412009,284
nanopi-neo-air,2,1,4,57,1489412010,285
nanopi-neo-air,2,1,4,57,1489412012,287
nanopi-neo-air,2,1,4,57,1489412013,288
nanopi-neo-air,2,1,4,57,1489412014,289
nanopi-neo-air,2,1,4,57,1489412015,290
nanopi-neo-air,2,1,4,57,1489412016,291
nanopi-neo-air,2,1,4,57,1489412017,292
nanopi-neo-air,2,1,4,57,1489412018,293
nanopi-neo-air,2,1,4,57,1489412019,294
nanopi-neo-air,2,1,4,57,1489412020,295
nanopi-neo-air,2,1,4,57,1489412021,296
nanopi-neo-air,2,1,4,57,1489412022,297
nanopi-neo-air,2,1,4,57,1489412023,298
nanopi-neo-air,2,1,4,57,1489412024,299
nanopi-neo-air,2,1,4,58,1489412026,301
nanopi-neo-air,2,1,4,58,1489412027,302
nanopi-neo-air,2,1,4,57,1489412028,303
nanopi-neo-air,2,1,4,57,1489412029,304
nanopi-neo-air,2,1,4,57,1489412030,305
nanopi-neo-air,2,1,4,58,1489412031,306
nanopi-neo-air,2,1,4,58,1489412032,307
nanopi-neo-air,2,1,4,58,1489412033,308
nanopi-neo-air,2,1,4,58,1489412034,309
nanopi-neo-air,2,1,4,58,1489412035,310
nanopi-neo-air,2,1,4,58,1489412036,311
nanopi-neo-air,2,1,4,58,1489412038,313
nanopi-neo-air,2,1,4,58,1489412039,314
nanopi-neo-air,2,1,4,58,1489412040,315
nanopi-neo-air,2,1,4,58,1489412041,316
nanopi-neo-air,2,1,4,58,1489412042,317
nanopi-neo-air,2,1,4,58,1489412043,318
nanopi-neo-air,2,1,4,58,1489412044,319
nanopi-neo-air,2,1,4,58,1489412045,320
nanopi-neo-air,2,1,4,58,1489412046,321
nanopi-neo-air,2,1,4,58,1489412048,323
nanopi-neo-air,2,1,4,58,1489412049,324
nanopi-neo-air,2,1,4,58,1489412050,325
nanopi-neo-air,2,1,4,58,1489412051,326
nanopi-neo-air,2,1,4,58,1489412052,327
nanopi-neo-air,2,1,4,58,1489412053,328
nanopi-neo-air,2,1,4,58,1489412054,329
nanopi-neo-air,2,1,4,58,1489412055,330
nanopi-neo-air,2,1,4,58,1489412056,331
nanopi-neo-air,2,1,4,58,1489412057,332
nanopi-neo-air,2,1,4,58,1489412058,333
nanopi-neo-air,2,1,4,58,1489412059,334
nanopi-neo-air,2,1,4,58,1489412060,335
nanopi-neo-air,2,1,4,58,1489412062,337
nanopi-neo-air,2,1,4,58,1489412063,338
nanopi-neo-air,2,1,4,58,1489412064,339
nanopi-neo-air,2,1,4,58,1489412065,340
nanopi-neo-air,2,1,4,59,1489412066,341
nanopi-neo-air,2,1,4,59,1489412067,342
nanopi-neo-air,2,1,4,58,1489412068,343
nanopi-neo-air,2,1,4,59,1489412069,344
nanopi-neo-air,2,1,4,59,1489412070,345
nanopi-neo-air,2,1,4,58,1489412071,346
nanopi-neo-air,2,1,4,59,1489412073,348
nanopi-neo-air,2,1,4,59,1489412074,349
nanopi-neo-air,2,1,4,59,1489412075,350
nanopi-neo-air,2,1,4,59,1489412077,352
nanopi-neo-air,2,1,4,59,1489412078,353
nanopi-neo-air,2,1,4,59,1489412079,354
nanopi-neo-air,2,1,4,59,1489412080,355
nanopi-neo-air,2,1,4,59,1489412081,356
nanopi-neo-air,2,1,4,59,1489412082,357
nanopi-neo-air,2,1,4,59,1489412083,358
nanopi-neo-air,2,1,4,59,1489412084,359
nanopi-neo-air,2,1,4,59,1489412085,360
nanopi-neo-air,2,1,4,59,1489412086,361
nanopi-neo-air,2,1,4,59,1489412087,362
nanopi-neo-air,2,1,4,59,1489412088,363
nanopi-neo-air,2,1,4,59,1489412089,364
nanopi-neo-air,2,1,4,59,1489412091,366
nanopi-neo-air,2,1,4,59,1489412092,367
nanopi-neo-air,2,1,4,59,1489412093,368
nanopi-neo-air,2,1,4,59,1489412094,369
nanopi-neo-air,2,1,4,59,1489412095,370
nanopi-neo-air,2,1,4,59,1489412096,371
nanopi-neo-air,2,1,4,59,1489412097,372
nanopi-neo-air,2,1,4,59,1489412098,373
nanopi-neo-air,2,1,4,59,1489412099,374
nanopi-neo-air,2,1,4,59,1489412100,375
nanopi-neo-air,2,1,4,59,1489412101,376
nanopi-neo-air,2,1,4,59,1489412102,377
nanopi-neo-air,2,1,4,59,1489412104,379
nanopi-neo-air,2,1,4,59,1489412105,380
nanopi-neo-air,2,1,4,59,1489412106,381
nanopi-neo-air,2,1,4,59,1489412107,382
nanopi-neo-air,2,1,4,59,1489412108,383
nanopi-neo-air,2,1,4,59,1489412109,384
nanopi-neo-air,2,1,4,59,1489412110,385
nanopi-neo-air,2,1,4,59,1489412111,386
nanopi-neo-air,2,1,4,59,1489412112,387
nanopi-neo-air,2,1,4,59,1489412113,388
nanopi-neo-air,2,1,4,59,1489412114,389
nanopi-neo-air,2,1,4,60,1489412115,390
nanopi-neo-air,2,1,4,59,1489412116,391
nanopi-neo-air,2,1,4,59,1489412118,393
nanopi-neo-air,2,1,4,60,1489412119,394
nanopi-neo-air,2,1,4,60,1489412120,395
nanopi-neo-air,2,1,4,59,1489412121,396
nanopi-neo-air,2,1,4,59,1489412122,397
nanopi-neo-air,2,1,4,60,1489412123,398
nanopi-neo-air,2,1,4,60,1489412124,399
nanopi-neo-air,2,1,4,60,1489412125,400
nanopi-neo-air,2,1,4,59,1489412126,401
nanopi-neo-air,2,1,4,60,1489412127,402
nanopi-neo-air,2,1,4,60,1489412128,403
nanopi-neo-air,2,1,4,60,1489412129,404
nanopi-neo-air,2,1,4,60,1489412131,406
nanopi-neo-air,2,1,4,60,1489412132,407
nanopi-neo-air,2,1,4,60,1489412133,408
nanopi-neo-air,2,1,4,60,1489412134,409
nanopi-neo-air,2,1,4,60,1489412135,410
nanopi-neo-air,2,1,4,60,1489412136,411
nanopi-neo-air,2,1,4,60,1489412137,412
nanopi-neo-air,2,1,4,60,1489412138,413
nanopi-neo-air,2,1,4,60,1489412139,414
nanopi-neo-air,2,1,4,60,1489412140,415
nanopi-neo-air,2,1,4,60,1489412141,416
nanopi-neo-air,2,1,4,60,1489412142,417
nanopi-neo-air,2,1,4,60,1489412144,419
nanopi-neo-air,2,1,4,60,1489412145,420
nanopi-neo-air,2,1,4,60,1489412146,421
nanopi-neo-air,2,1,4,60,1489412147,422
nanopi-neo-air,2,1,4,60,1489412148,423
nanopi-neo-air,2,1,4,60,1489412149,424
nanopi-neo-air,2,1,4,60,1489412150,425
nanopi-neo-air,2,1,4,60,1489412151,426
nanopi-neo-air,2,1,4,60,1489412152,427
nanopi-neo-air,2,1,4,60,1489412153,428
nanopi-neo-air,2,1,4,60,1489412154,429
nanopi-neo-air,2,1,4,60,1489412155,430
nanopi-neo-air,2,1,4,60,1489412157,432
nanopi-neo-air,2,1,4,60,1489412158,433
nanopi-neo-air,2,1,4,60,1489412159,434
nanopi-neo-air,2,1,4,60,1489412160,435
nanopi-neo-air,2,1,4,60,1489412161,436
nanopi-neo-air,2,1,4,60,1489412162,437
nanopi-neo-air,2,1,4,60,1489412163,438
nanopi-neo-air,2,1,4,60,1489412164,439
nanopi-neo-air,2,1,4,60,1489412165,440
nanopi-neo-air,2,1,4,60,1489412166,441
nanopi-neo-air,2,1,4,60,1489412167,442
nanopi-neo-air,2,1,4,60,1489412168,443
nanopi-neo-air,2,1,4,60,1489412170,445
nanopi-neo-air,2,1,4,61,1489412171,446
nanopi-neo-air,2,1,4,61,1489412172,447
nanopi-neo-air,2,1,4,61,1489412173,448
nanopi-neo-air,2,1,4,61,1489412174,449
nanopi-neo-air,2,1,4,61,1489412175,450
nanopi-neo-air,2,1,4,61,1489412176,451
nanopi-neo-air,2,1,4,61,1489412177,452
nanopi-neo-air,2,1,4,61,1489412178,453
nanopi-neo-air,2,1,4,61,1489412179,454
nanopi-neo-air,2,1,4,61,1489412180,455
nanopi-neo-air,2,1,4,61,1489412181,456
nanopi-neo-air,2,1,4,61,1489412183,458
nanopi-neo-air,2,1,4,61,1489412184,459
nanopi-neo-air,2,1,4,61,1489412185,460
nanopi-neo-air,2,1,4,61,1489412186,461
nanopi-neo-air,2,1,4,61,1489412187,462
nanopi-neo-air,2,1,4,61,1489412188,463
nanopi-neo-air,2,1,4,61,1489412189,464
nanopi-neo-air,2,1,4,61,1489412190,465
nanopi-neo-air,2,1,4,61,1489412191,466
nanopi-neo-air,2,1,4,61,1489412192,467
nanopi-neo-air,2,1,4,61,1489412193,468
nanopi-neo-air,2,1,4,61,1489412194,469
nanopi-neo-air,2,1,4,61,1489412196,471
nanopi-neo-air,2,1,4,61,1489412197,472
nanopi-neo-air,2,1,4,61,1489412198,473
nanopi-neo-air,2,1,4,61,1489412199,474
nanopi-neo-air,2,1,4,61,1489412200,475
nanopi-neo-air,2,1,4,61,1489412201,476
nanopi-neo-air,2,1,4,61,1489412202,477
nanopi-neo-air,2,1,4,61,1489412203,478
nanopi-neo-air,2,1,4,61,1489412204,479
nanopi-neo-air,2,1,4,61,1489412205,480
nanopi-neo-air,2,1,4,61,1489412206,481
nanopi-neo-air,2,1,4,61,1489412207,482
nanopi-neo-air,2,1,4,61,1489412208,483
nanopi-neo-air,2,1,4,61,1489412210,485
nanopi-neo-air,2,1,4,61,1489412211,486
nanopi-neo-air,2,1,4,61,1489412212,487
nanopi-neo-air,2,1,4,61,1489412213,488
nanopi-neo-air,2,1,4,61,1489412214,489
nanopi-neo-air,2,1,4,61,1489412215,490
nanopi-neo-air,2,1,4,61,1489412216,491
nanopi-neo-air,2,1,4,62,1489412217,492
nanopi-neo-air,2,1,4,61,1489412218,493
nanopi-neo-air,2,1,4,62,1489412219,494
nanopi-neo-air,2,1,4,62,1489412220,495
nanopi-neo-air,2,1,4,62,1489412221,496
nanopi-neo-air,2,1,4,62,1489412223,498
nanopi-neo-air,2,1,4,61,1489412224,499
nanopi-neo-air,2,1,4,62,1489412225,500
nanopi-neo-air,2,1,4,62,1489412226,501
nanopi-neo-air,2,1,4,61,1489412227,502
nanopi-neo-air,2,1,4,62,1489412228,503
nanopi-neo-air,2,1,4,62,1489412229,504
nanopi-neo-air,2,1,4,62,1489412230,505
nanopi-neo-air,2,1,4,62,1489412231,506
nanopi-neo-air,2,1,4,62,1489412232,507
nanopi-neo-air,2,1,4,62,1489412233,508
nanopi-neo-air,2,1,4,62,1489412234,509
nanopi-neo-air,2,1,4,62,1489412236,511
nanopi-neo-air,2,1,4,62,1489412237,512
nanopi-neo-air,2,1,4,62,1489412238,513
nanopi-neo-air,2,1,4,62,1489412239,514
nanopi-neo-air,2,1,4,62,1489412240,515
nanopi-neo-air,2,1,4,62,1489412241,516
nanopi-neo-air,2,1,4,62,1489412242,517
nanopi-neo-air,2,1,4,62,1489412243,518
nanopi-neo-air,2,1,4,62,1489412244,519
nanopi-neo-air,2,1,4,62,1489412245,520
nanopi-neo-air,2,1,4,62,1489412247,522
nanopi-neo-air,2,1,4,62,1489412248,523
nanopi-neo-air,2,1,4,62,1489412249,524
nanopi-neo-air,2,1,4,62,1489412250,525
nanopi-neo-air,2,1,4,62,1489412251,526
nanopi-neo-air,2,1,4,62,1489412252,527
nanopi-neo-air,2,1,4,62,1489412253,528
nanopi-neo-air,2,1,4,62,1489412254,529
nanopi-neo-air,2,1,4,62,1489412255,530
nanopi-neo-air,2,1,4,62,1489412256,531
nanopi-neo-air,2,1,4,62,1489412257,532
nanopi-neo-air,2,1,4,62,1489412258,533
nanopi-neo-air,2,1,4,62,1489412260,535
nanopi-neo-air,2,1,4,62,1489412261,536
nanopi-neo-air,2,1,4,62,1489412262,537
nanopi-neo-air,2,1,4,62,1489412263,538
nanopi-neo-air,2,1,4,62,1489412264,539
nanopi-neo-air,2,1,4,62,1489412265,540
nanopi-neo-air,2,1,4,62,1489412266,541
nanopi-neo-air,2,1,4,62,1489412267,542
nanopi-neo-air,2,1,4,62,1489412268,543
nanopi-neo-air,2,1,4,62,1489412269,544
nanopi-neo-air,2,1,4,62,1489412270,545
nanopi-neo-air,2,1,4,62,1489412271,546
nanopi-neo-air,2,1,4,62,1489412272,547
nanopi-neo-air,2,1,4,62,1489412274,549
nanopi-neo-air,2,1,4,62,1489412275,550
nanopi-neo-air,2,1,4,62,1489412276,551
nanopi-neo-air,2,1,4,63,1489412277,552
nanopi-neo-air,2,1,4,62,1489412278,553
nanopi-neo-air,2,1,4,62,1489412279,554
nanopi-neo-air,2,1,4,62,1489412280,555
nanopi-neo-air,2,1,4,63,1489412281,556
nanopi-neo-air,2,1,4,63,1489412282,557
nanopi-neo-air,2,1,4,63,1489412284,559
nanopi-neo-air,2,1,4,63,1489412285,560
nanopi-neo-air,2,1,4,63,1489412286,561
nanopi-neo-air,2,1,4,63,1489412287,562
nanopi-neo-air,2,1,4,63,1489412288,563
nanopi-neo-air,2,1,4,63,1489412289,564
nanopi-neo-air,2,1,4,63,1489412290,565
nanopi-neo-air,2,1,4,63,1489412291,566
nanopi-neo-air,2,1,4,63,1489412292,567
nanopi-neo-air,2,1,4,63,1489412293,568
nanopi-neo-air,2,1,4,63,1489412294,569
nanopi-neo-air,2,1,4,63,1489412295,570
nanopi-neo-air,2,1,4,63,1489412296,571
nanopi-neo-air,2,1,4,63,1489412298,573
nanopi-neo-air,2,1,4,63,1489412299,574
nanopi-neo-air,2,1,4,63,1489412300,575
nanopi-neo-air,2,1,4,63,1489412301,576
nanopi-neo-air,2,1,4,63,1489412302,577
nanopi-neo-air,2,1,4,63,1489412303,578
nanopi-neo-air,2,1,4,63,1489412304,579
nanopi-neo-air,2,1,4,63,1489412305,580
nanopi-neo-air,2,1,4,63,1489412306,581
nanopi-neo-air,2,1,4,63,1489412307,582
nanopi-neo-air,2,1,4,63,1489412308,583
nanopi-neo-air,2,1,4,63,1489412309,584
nanopi-neo-air,2,1,4,63,1489412311,586
nanopi-neo-air,2,1,4,63,1489412312,587
nanopi-neo-air,2,1,4,63,1489412313,588
nanopi-neo-air,2,1,4,63,1489412314,589
nanopi-neo-air,2,1,4,63,1489412315,590
nanopi-neo-air,2,1,4,63,1489412316,591
nanopi-neo-air,2,1,4,63,1489412317,592
nanopi-neo-air,2,1,4,63,1489412318,593
nanopi-neo-air,2,1,4,63,1489412319,594
nanopi-neo-air,2,1,4,63,1489412320,595
nanopi-neo-air,2,1,4,63,1489412321,596
nanopi-neo-air,2,1,4,63,1489412322,597
nanopi-neo-air,2,1,4,63,1489412324,599
nanopi-neo-air,2,1,4,63,1489412325,600
nanopi-neo-air,2,1,4,63,1489412326,601
nanopi-neo-air,2,1,4,63,1489412327,602
nanopi-neo-air,2,1,4,63,1489412328,603
nanopi-neo-air,2,1,4,63,1489412329,604
nanopi-neo-air,2,1,4,63,1489412330,605
nanopi-neo-air,2,1,4,63,1489412332,607
nanopi-neo-air,2,1,4,63,1489412333,608
nanopi-neo-air,2,1,4,63,1489412334,609
nanopi-neo-air,2,1,4,63,1489412335,610
nanopi-neo-air,2,1,4,63,1489412336,611
nanopi-neo-air,2,1,4,63,1489412337,612
nanopi-neo-air,2,1,4,63,1489412338,613
nanopi-neo-air,2,1,4,63,1489412339,614
nanopi-neo-air,2,1,4,63,1489412340,615
nanopi-neo-air,2,1,4,63,1489412341,616
nanopi-neo-air,2,1,4,63,1489412342,617
nanopi-neo-air,2,1,4,64,1489412343,618
nanopi-neo-air,2,1,4,64,1489412345,620
nanopi-neo-air,2,1,4,63,1489412346,621
nanopi-neo-air,2,1,4,63,1489412347,622
nanopi-neo-air,2,1,4,64,1489412348,623
nanopi-neo-air,2,1,4,63,1489412349,624
nanopi-neo-air,2,1,4,63,1489412350,625
nanopi-neo-air,2,1,4,63,1489412351,626
nanopi-neo-air,2,1,4,64,1489412352,627
nanopi-neo-air,2,1,4,64,1489412353,628
nanopi-neo-air,2,1,4,64,1489412354,629
nanopi-neo-air,2,1,4,64,1489412355,630
nanopi-neo-air,2,1,4,64,1489412356,631
nanopi-neo-air,2,1,4,63,1489412357,632
nanopi-neo-air,2,1,4,64,1489412359,634
nanopi-neo-air,2,1,4,64,1489412360,635
nanopi-neo-air,2,1,4,64,1489412361,636
nanopi-neo-air,2,1,4,63,1489412362,637
nanopi-neo-air,2,1,4,64,1489412363,638
nanopi-neo-air,2,1,4,64,1489412364,639
nanopi-neo-air,2,1,4,64,1489412365,640
nanopi-neo-air,2,1,4,64,1489412366,641
nanopi-neo-air,2,1,4,64,1489412367,642
nanopi-neo-air,2,1,4,64,1489412368,643
nanopi-neo-air,2,1,4,64,1489412369,644
nanopi-neo-air,2,1,4,64,1489412370,645
nanopi-neo-air,2,1,4,64,1489412372,647
nanopi-neo-air,2,1,4,64,1489412373,648
nanopi-neo-air,2,1,4,64,1489412374,649
nanopi-neo-air,2,1,4,64,1489412375,650
nanopi-neo-air,2,1,4,64,1489412376,651
nanopi-neo-air,2,1,4,64,1489412377,652
nanopi-neo-air,2,1,4,64,1489412378,653
nanopi-neo-air,2,1,4,64,1489412379,654
nanopi-neo-air,2,1,4,64,1489412380,655
nanopi-neo-air,2,1,4,64,1489412381,656
nanopi-neo-air,2,1,4,64,1489412382,657
nanopi-neo-air,2,1,4,64,1489412383,658
nanopi-neo-air,2,1,4,64,1489412385,660
nanopi-neo-air,2,1,4,64,1489412386,661
nanopi-neo-air,2,1,4,64,1489412387,662
nanopi-neo-air,2,1,4,64,1489412388,663
nanopi-neo-air,2,1,4,64,1489412389,664
nanopi-neo-air,2,1,4,64,1489412390,665
nanopi-neo-air,2,1,4,64,1489412391,666
nanopi-neo-air,2,1,4,64,1489412392,667
nanopi-neo-air,2,1,4,64,1489412393,668
nanopi-neo-air,2,1,4,64,1489412394,669
nanopi-neo-air,2,1,4,64,1489412395,670
nanopi-neo-air,2,1,4,64,1489412396,671
nanopi-neo-air,2,1,4,64,1489412398,673
nanopi-neo-air,2,1,4,64,1489412399,674
nanopi-neo-air,2,1,4,64,1489412400,675
nanopi-neo-air,2,1,4,64,1489412401,676
nanopi-neo-air,2,1,4,64,1489412402,677
nanopi-neo-air,2,1,4,64,1489412403,678
nanopi-neo-air,2,1,4,64,1489412404,679
nanopi-neo-air,2,1,4,64,1489412405,680
nanopi-neo-air,2,1,4,64,1489412406,681
nanopi-neo-air,2,1,4,64,1489412407,682
nanopi-neo-air,2,1,4,64,1489412409,684
nanopi-neo-air,2,1,4,64,1489412410,685
nanopi-neo-air,2,1,4,64,1489412411,686
nanopi-neo-air,2,1,4,65,1489412412,687
nanopi-neo-air,2,1,4,64,1489412413,688
nanopi-neo-air,2,1,4,64,1489412414,689
nanopi-neo-air,2,1,4,65,1489412415,690
nanopi-neo-air,2,1,4,65,1489412416,691
nanopi-neo-air,2,1,4,65,1489412417,692
nanopi-neo-air,2,1,4,65,1489412418,693
nanopi-neo-air,2,1,4,64,1489412419,694
nanopi-neo-air,2,1,4,64,1489412420,695
nanopi-neo-air,2,1,4,65,1489412421,696
nanopi-neo-air,2,1,4,65,1489412423,698
nanopi-neo-air,2,1,4,65,1489412424,699
nanopi-neo-air,2,1,4,64,1489412425,700
nanopi-neo-air,2,1,4,65,1489412426,701
nanopi-neo-air,2,1,4,65,1489412427,702
nanopi-neo-air,2,1,4,65,1489412428,703
nanopi-neo-air,2,1,4,65,1489412429,704
nanopi-neo-air,2,1,4,65,1489412430,705
nanopi-neo-air,2,1,4,65,1489412431,706
nanopi-neo-air,2,1,4,65,1489412432,707
nanopi-neo-air,2,1,4,65,1489412433,708
nanopi-neo-air,2,1,4,65,1489412434,709
nanopi-neo-air,2,1,4,65,1489412436,711
nanopi-neo-air,2,1,4,65,1489412437,712
nanopi-neo-air,2,1,4,65,1489412438,713
nanopi-neo-air,2,1,4,65,1489412439,714
nanopi-neo-air,2,1,4,65,1489412440,715
nanopi-neo-air,2,1,4,65,1489412441,716
nanopi-neo-air,2,1,4,65,1489412442,717
nanopi-neo-air,2,1,4,65,1489412444,719
nanopi-neo-air,2,1,4,65,1489412445,720
nanopi-neo-air,2,1,4,65,1489412446,721
nanopi-neo-air,2,1,4,65,1489412447,722
nanopi-neo-air,2,1,4,65,1489412448,723
nanopi-neo-air,2,1,4,65,1489412449,724
nanopi-neo-air,2,1,4,65,1489412450,725
nanopi-neo-air,2,1,4,65,1489412451,726
nanopi-neo-air,2,1,4,65,1489412452,727
nanopi-neo-air,2,1,4,65,1489412453,728
nanopi-neo-air,2,1,4,65,1489412454,729
nanopi-neo-air,2,1,4,65,1489412455,730
nanopi-neo-air,2,1,4,65,1489412457,732
nanopi-neo-air,2,1,4,65,1489412458,733
nanopi-neo-air,2,1,4,66,1489412459,734
nanopi-neo-air,2,1,4,65,1489412460,735
nanopi-neo-air,2,1,4,65,1489412461,736
nanopi-neo-air,2,1,4,65,1489412462,737
nanopi-neo-air,2,1,4,65,1489412463,738
nanopi-neo-air,2,1,4,65,1489412464,739
nanopi-neo-air,2,1,4,65,1489412465,740
nanopi-neo-air,2,1,4,65,1489412466,741
nanopi-neo-air,2,1,4,65,1489412467,742
nanopi-neo-air,2,1,4,65,1489412469,744
nanopi-neo-air,2,1,4,65,1489412470,745
nanopi-neo-air,2,1,4,65,1489412471,746
nanopi-neo-air,2,1,4,65,1489412472,747
nanopi-neo-air,2,1,4,65,1489412473,748
nanopi-neo-air,2,1,4,65,1489412474,749
nanopi-neo-air,2,1,4,65,1489412475,750
nanopi-neo-air,2,1,4,65,1489412476,751
nanopi-neo-air,2,1,4,65,1489412477,752
nanopi-neo-air,2,1,4,65,1489412478,753
nanopi-neo-air,2,1,4,65,1489412479,754
nanopi-neo-air,2,1,4,65,1489412480,755
nanopi-neo-air,2,1,4,65,1489412482,757
nanopi-neo-air,2,1,4,66,1489412483,758
nanopi-neo-air,2,1,4,65,1489412484,759
nanopi-neo-air,2,1,4,65,1489412485,760
nanopi-neo-air,2,1,4,65,1489412486,761
nanopi-neo-air,2,1,4,66,1489412487,762
nanopi-neo-air,2,1,4,66,1489412488,763
nanopi-neo-air,2,1,4,66,1489412489,764
nanopi-neo-air,2,1,4,66,1489412490,765
nanopi-neo-air,2,1,4,66,1489412491,766
nanopi-neo-air,2,1,4,66,1489412493,768
nanopi-neo-air,2,1,4,66,1489412494,769
nanopi-neo-air,2,1,4,66,1489412495,770
nanopi-neo-air,2,1,4,66,1489412496,771
nanopi-neo-air,2,1,4,66,1489412497,772
nanopi-neo-air,2,1,4,66,1489412498,773
nanopi-neo-air,2,1,4,66,1489412499,774
nanopi-neo-air,2,1,4,66,1489412500,775
nanopi-neo-air,2,1,4,66,1489412501,776
nanopi-neo-air,2,1,4,66,1489412502,777
nanopi-neo-air,2,1,4,66,1489412504,779
nanopi-neo-air,2,1,4,66,1489412505,780
nanopi-neo-air,2,1,4,66,1489412506,781
nanopi-neo-air,2,1,4,65,1489412507,782
nanopi-neo-air,2,1,4,66,1489412508,783
nanopi-neo-air,2,1,4,66,1489412509,784
nanopi-neo-air,2,1,4,66,1489412510,785
nanopi-neo-air,2,1,4,66,1489412511,786
nanopi-neo-air,2,1,4,65,1489412512,787
nanopi-neo-air,2,1,4,66,1489412513,788
nanopi-neo-air,2,1,4,66,1489412514,789
nanopi-neo-air,2,1,4,66,1489412515,790
nanopi-neo-air,2,1,4,66,1489412517,792
nanopi-neo-air,2,1,4,66,1489412518,793
nanopi-neo-air,2,1,4,66,1489412519,794
nanopi-neo-air,2,1,4,66,1489412520,795
nanopi-neo-air,2,1,4,66,1489412521,796
nanopi-neo-air,2,1,4,66,1489412522,797
nanopi-neo-air,2,1,4,66,1489412523,798
nanopi-neo-air,2,1,4,66,1489412524,799
nanopi-neo-air,2,1,4,66,1489412525,800
nanopi-neo-air,2,1,4,66,1489412526,801
nanopi-neo-air,2,1,4,66,1489412528,803
nanopi-neo-air,2,1,4,66,1489412529,804
nanopi-neo-air,2,1,4,66,1489412530,805
nanopi-neo-air,2,1,4,66,1489412531,806
nanopi-neo-air,2,1,4,66,1489412532,807
nanopi-neo-air,2,1,4,66,1489412533,808
nanopi-neo-air,2,1,4,66,1489412534,809
nanopi-neo-air,2,1,4,66,1489412535,810
nanopi-neo-air,2,1,4,66,1489412536,811
nanopi-neo-air,2,1,4,66,1489412537,812
nanopi-neo-air,2,1,4,66,1489412539,814
nanopi-neo-air,2,1,4,66,1489412540,815
nanopi-neo-air,2,1,4,66,1489412541,816
nanopi-neo-air,2,1,4,66,1489412542,817
nanopi-neo-air,2,1,4,66,1489412543,818
nanopi-neo-air,2,1,4,66,1489412544,819
nanopi-neo-air,2,1,4,66,1489412545,820
nanopi-neo-air,2,1,4,66,1489412546,821
nanopi-neo-air,2,1,4,66,1489412547,822
nanopi-neo-air,2,1,4,66,1489412548,823
nanopi-neo-air,2,1,4,66,1489412549,824
nanopi-neo-air,2,1,4,66,1489412550,825
nanopi-neo-air,2,1,4,67,1489412552,827
nanopi-neo-air,2,1,4,66,1489412553,828
nanopi-neo-air,2,1,4,66,1489412554,829
nanopi-neo-air,2,1,4,66,1489412555,830
nanopi-neo-air,2,1,4,66,1489412556,831
nanopi-neo-air,2,1,4,66,1489412557,832
nanopi-neo-air,2,1,4,66,1489412558,833
nanopi-neo-air,2,1,4,67,1489412559,834
nanopi-neo-air,2,1,4,66,1489412560,835
nanopi-neo-air,2,1,4,66,1489412561,836
nanopi-neo-air,2,1,4,67,1489412563,838
nanopi-neo-air,2,1,4,67,1489412564,839
nanopi-neo-air,2,1,4,66,1489412565,840
nanopi-neo-air,2,1,4,66,1489412567,842
nanopi-neo-air,2,1,4,67,1489412568,843
nanopi-neo-air,2,1,4,67,1489412569,844
nanopi-neo-air,2,1,4,66,1489412570,845
nanopi-neo-air,2,1,4,66,1489412571,846
nanopi-neo-air,2,1,4,67,1489412572,847
nanopi-neo-air,2,1,4,66,1489412573,848
nanopi-neo-air,2,1,4,66,1489412574,849
nanopi-neo-air,2,1,4,67,1489412575,850
nanopi-neo-air,2,1,4,67,1489412576,851
nanopi-neo-air,2,1,4,67,1489412577,852
nanopi-neo-air,2,1,4,66,1489412578,853
nanopi-neo-air,2,1,4,67,1489412579,854
nanopi-neo-air,2,1,4,67,1489412581,856
nanopi-neo-air,2,1,4,67,1489412582,857
nanopi-neo-air,2,1,4,67,1489412583,858
nanopi-neo-air,2,1,4,67,1489412584,859
nanopi-neo-air,2,1,4,67,1489412585,860
nanopi-neo-air,2,1,4,67,1489412586,861
nanopi-neo-air,2,1,4,67,1489412587,862
nanopi-neo-air,2,1,4,67,1489412588,863
nanopi-neo-air,2,1,4,67,1489412589,864
nanopi-neo-air,2,1,4,67,1489412590,865
nanopi-neo-air,2,1,4,67,1489412591,866
nanopi-neo-air,2,1,4,67,1489412592,867
nanopi-neo-air,2,1,4,67,1489412594,869
nanopi-neo-air,2,1,4,67,1489412595,870
nanopi-neo-air,2,1,4,67,1489412596,871
nanopi-neo-air,2,1,4,67,1489412597,872
nanopi-neo-air,2,1,4,67,1489412598,873
nanopi-neo-air,2,1,4,67,1489412599,874
nanopi-neo-air,2,1,4,67,1489412600,875
nanopi-neo-air,2,1,4,67,1489412601,876
nanopi-neo-air,2,1,4,67,1489412602,877
nanopi-neo-air,2,1,4,67,1489412603,878
nanopi-neo-air,2,1,4,67,1489412604,879
nanopi-neo-air,2,1,4,67,1489412606,881
nanopi-neo-air,2,1,4,67,1489412607,882
nanopi-neo-air,2,1,4,67,1489412608,883
nanopi-neo-air,2,1,4,67,1489412609,884
nanopi-neo-air,2,1,4,67,1489412610,885
nanopi-neo-air,2,1,4,67,1489412611,886
nanopi-neo-air,2,1,4,67,1489412612,887
nanopi-neo-air,2,1,4,67,1489412614,889
nanopi-neo-air,2,1,4,67,1489412615,890
nanopi-neo-air,2,1,4,67,1489412616,891
nanopi-neo-air,2,1,4,67,1489412617,892
nanopi-neo-air,2,1,4,67,1489412618,893
nanopi-neo-air,2,1,4,67,1489412619,894
nanopi-neo-air,2,1,4,67,1489412620,895
nanopi-neo-air,2,1,4,67,1489412621,896
nanopi-neo-air,2,1,4,67,1489412622,897
nanopi-neo-air,2,1,4,67,1489412623,898
nanopi-neo-air,2,1,4,67,1489412624,899
nanopi-neo-air,2,1,4,67,1489412625,900
nanopi-neo-air,2,1,4,67,1489412627,902
nanopi-neo-air,2,1,4,67,1489412628,903
nanopi-neo-air,2,1,4,67,1489412629,904
nanopi-neo-air,2,1,4,67,1489412630,905
nanopi-neo-air,2,1,4,67,1489412631,906
nanopi-neo-air,2,1,4,67,1489412632,907
nanopi-neo-air,2,1,4,67,1489412633,908
nanopi-neo-air,2,1,4,67,1489412634,909
nanopi-neo-air,2,1,4,67,1489412635,910
nanopi-neo-air,2,1,4,67,1489412636,911
nanopi-neo-air,2,1,4,67,1489412637,912
nanopi-neo-air,2,1,4,67,1489412638,913
nanopi-neo-air,2,1,4,67,1489412639,914
nanopi-neo-air,2,1,4,67,1489412641,916
nanopi-neo-air,2,1,4,67,1489412642,917
nanopi-neo-air,2,1,4,67,1489412643,918
nanopi-neo-air,2,1,4,67,1489412644,919
nanopi-neo-air,2,1,4,67,1489412645,920
nanopi-neo-air,2,1,4,67,1489412646,921
nanopi-neo-air,2,1,4,67,1489412647,922
nanopi-neo-air,2,1,4,67,1489412648,923
nanopi-neo-air,2,0,4,46,1489417176,0
nanopi-neo-air,2,0,4,53,1489417177,1
nanopi-neo-air,2,0,4,57,1489417178,2
nanopi-neo-air,2,0,4,59,1489417179,3
nanopi-neo-air,2,0,4,61,1489417180,4
nanopi-neo-air,2,0,4,61,1489417181,5
nanopi-neo-air,2,0,4,62,1489417183,7
nanopi-neo-air,2,0,4,63,1489417184,8
nanopi-neo-air,2,0,4,63,1489417185,9
nanopi-neo-air,2,0,4,64,1489417186,10
nanopi-neo-air,2,0,4,65,1489417187,11
nanopi-neo-air,2,0,4,65,1489417188,12
nanopi-neo-air,2,0,4,65,1489417189,13
nanopi-neo-air,2,0,4,66,1489417190,14
nanopi-neo-air,2,0,4,67,1489417191,15
nanopi-neo-air,2,0,4,67,1489417192,16
nanopi-neo-air,2,0,4,68,1489417193,17
nanopi-neo-air,2,0,4,68,1489417194,18
nanopi-neo-air,2,0,4,69,1489417196,20
nanopi-neo-air,2,0,4,69,1489417197,21
nanopi-neo-air,2,0,4,69,1489417198,22
nanopi-neo-air,2,0,4,69,1489417199,23
nanopi-neo-air,2,0,4,69,1489417200,24
nanopi-neo-air,2,0,4,69,1489417201,25
nanopi-neo-air,2,0,4,70,1489417202,26
nanopi-neo-air,2,0,4,69,1489417203,27
nanopi-neo-air,2,0,4,70,1489417204,28
nanopi-neo-air,2,0,4,70,1489417205,29
nanopi-neo-air,2,0,4,70,1489417206,30
nanopi-neo-air,2,0,4,70,1489417207,31
nanopi-neo-air,2,0,4,70,1489417209,33
nanopi-neo-air,2,0,4,70,1489417210,34
nanopi-neo-air,2,0,4,70,1489417211,35
nanopi-neo-air,2,0,4,71,1489417212,36
nanopi-neo-air,2,0,4,71,1489417213,37
nanopi-neo-air,2,0,4,71,1489417214,38
nanopi-neo-air,2,0,4,71,1489417215,39
nanopi-neo-air,2,0,4,71,1489417216,40
nanopi-neo-air,2,0,4,71,1489417217,41
nanopi-neo-air,2,0,4,72,1489417218,42
nanopi-neo-air,2,0,4,72,1489417219,43
nanopi-neo-air,2,0,4,72,1489417221,45
nanopi-neo-air,2,0,4,72,1489417222,46
nanopi-neo-air,2,0,4,73,1489417223,47
nanopi-neo-air,2,0,4,73,1489417224,48
nanopi-neo-air,2,0,4,73,1489417225,49
nanopi-neo-air,2,0,4,73,1489417226,50
nanopi-neo-air,2,0,4,73,1489417227,51
nanopi-neo-air,2,0,4,74,1489417228,52
nanopi-neo-air,2,0,4,73,1489417229,53
nanopi-neo-air,2,0,4,74,1489417230,54
nanopi-neo-air,2,0,4,74,1489417231,55
nanopi-neo-air,2,0,4,74,1489417232,56
nanopi-neo-air,2,0,4,75,1489417234,58
nanopi-neo-air,2,0,4,74,1489417235,59
nanopi-neo-air,2,0,4,75,1489417236,60
nanopi-neo-air,2,0,4,75,1489417237,61
nanopi-neo-air,2,0,4,75,1489417238,62
nanopi-neo-air,2,0,4,75,1489417239,63
nanopi-neo-air,2,0,4,75,1489417240,64
nanopi-neo-air,2,0,4,76,1489417241,65
nanopi-neo-air,2,0,4,76,1489417242,66
nanopi-neo-air,2,0,4,76,1489417244,68
nanopi-neo-air,2,0,4,76,1489417245,69
nanopi-neo-air,2,0,4,76,1489417246,70
nanopi-neo-air,2,0,4,77,1489417247,71
nanopi-neo-air,2,0,4,77,1489417248,72
nanopi-neo-air,2,0,4,77,1489417249,73
nanopi-neo-air,2,0,4,77,1489417250,74
nanopi-neo-air,2,0,4,78,1489417251,75
nanopi-neo-air,2,0,4,78,1489417252,76
nanopi-neo-air,2,0,4,78,1489417253,77
nanopi-neo-air,2,0,4,78,1489417254,78
nanopi-neo-air,2,0,4,78,1489417255,79
nanopi-neo-air,2,0,4,78,1489417256,80
nanopi-neo-air,2,0,4,79,1489417258,82
nanopi-neo-air,2,0,4,79,1489417259,83
nanopi-neo-air,2,0,4,79,1489417260,84
nanopi-neo-air,2,0,4,79,1489417261,85
nanopi-neo-air,2,0,4,79,1489417262,86
nanopi-neo-air,2,0,4,79,1489417263,87
nanopi-neo-air,2,0,4,80,1489417264,88
nanopi-neo-air,2,0,4,78,1489417265,89
nanopi-neo-air,2,0,4,75,1489417266,90
nanopi-neo-air,2,0,4,79,1489417267,91
nanopi-neo-air,2,0,4,79,1489417268,92
nanopi-neo-air,2,0,4,80,1489417269,93
nanopi-neo-air,2,0,4,78,1489417271,95
nanopi-neo-air,2,0,4,76,1489417272,96
nanopi-neo-air,2,0,4,79,1489417273,97
nanopi-neo-air,2,0,4,79,1489417274,98
nanopi-neo-air,2,0,4,78,1489417275,99
nanopi-neo-air,2,0,4,76,1489417276,100
nanopi-neo-air,2,0,4,79,1489417277,101
nanopi-neo-air,2,0,4,80,1489417278,102
nanopi-neo-air,2,0,4,76,1489417279,103
nanopi-neo-air,2,0,4,79,1489417280,104
nanopi-neo-air,2,0,4,80,1489417281,105
nanopi-neo-air,2,0,4,76,1489417282,106
nanopi-neo-air,2,0,4,79,1489417283,107
nanopi-neo-air,2,0,4,80,1489417285,109
nanopi-neo-air,2,0,4,76,1489417286,110
nanopi-neo-air,2,0,4,79,1489417287,111
nanopi-neo-air,2,0,4,80,1489417288,112
nanopi-neo-air,2,0,4,76,1489417289,113
nanopi-neo-air,2,0,4,80,1489417290,114
nanopi-neo-air,2,0,4,79,1489417291,115
nanopi-neo-air,2,0,4,77,1489417292,116
nanopi-neo-air,2,0,4,80,1489417293,117
nanopi-neo-air,2,0,4,79,1489417294,118
nanopi-neo-air,2,0,4,80,1489417295,119
nanopi-neo-air,2,0,4,79,1489417296,120
nanopi-neo-air,2,0,4,77,1489417298,122
nanopi-neo-air,2,0,4,80,1489417299,123
nanopi-neo-air,2,0,4,75,1489417300,124
nanopi-neo-air,2,0,4,79,1489417301,125
nanopi-neo-air,2,0,4,79,1489417302,126
nanopi-neo-air,2,0,4,77,1489417303,127
nanopi-neo-air,2,0,4,81,1489417304,128
nanopi-neo-air,2,0,4,76,1489417305,129
nanopi-neo-air,2,0,4,80,1489417306,130
nanopi-neo-air,2,0,4,79,1489417307,131
nanopi-neo-air,2,0,4,77,1489417308,132
nanopi-neo-air,2,0,4,79,1489417309,133
nanopi-neo-air,2,0,4,77,1489417310,134
nanopi-neo-air,2,0,4,81,1489417312,136
nanopi-neo-air,2,0,4,77,1489417313,137
nanopi-neo-air,2,0,4,77,1489417314,138
nanopi-neo-air,2,0,4,81,1489417315,139
nanopi-neo-air,2,0,4,78,1489417316,140
nanopi-neo-air,2,0,4,81,1489417317,141
nanopi-neo-air,2,0,4,77,1489417318,142
nanopi-neo-air,2,0,4,80,1489417319,143
nanopi-neo-air,2,0,4,80,1489417320,144
nanopi-neo-air,2,0,4,76,1489417321,145
nanopi-neo-air,2,0,4,81,1489417322,146
nanopi-neo-air,2,0,4,77,1489417323,147
nanopi-neo-air,2,0,4,81,1489417325,149
nanopi-neo-air,2,0,4,80,1489417326,150
nanopi-neo-air,2,0,4,76,1489417327,151
nanopi-neo-air,2,0,4,80,1489417328,152
nanopi-neo-air,2,0,4,77,1489417329,153
nanopi-neo-air,2,0,4,81,1489417330,154
nanopi-neo-air,2,0,4,80,1489417331,155
nanopi-neo-air,2,0,4,77,1489417332,156
nanopi-neo-air,2,0,4,80,1489417333,157
nanopi-neo-air,2,0,4,80,1489417334,158
nanopi-neo-air,2,0,4,77,1489417335,159
nanopi-neo-air,2,0,4,81,1489417337,161
nanopi-neo-air,2,0,4,77,1489417338,162
nanopi-neo-air,2,0,4,80,1489417339,163
nanopi-neo-air,2,0,4,80,1489417340,164
nanopi-neo-air,2,0,4,77,1489417341,165
nanopi-neo-air,2,0,4,81,1489417342,166
nanopi-neo-air,2,0,4,80,1489417343,167
nanopi-neo-air,2,0,4,77,1489417344,168
nanopi-neo-air,2,0,4,82,1489417345,169
nanopi-neo-air,2,0,4,78,1489417346,170
nanopi-neo-air,2,0,4,78,1489417348,172
nanopi-neo-air,2,0,4,82,1489417349,173
nanopi-neo-air,2,0,4,78,1489417350,174
nanopi-neo-air,2,0,4,78,1489417351,175
nanopi-neo-air,2,0,4,81,1489417352,176
nanopi-neo-air,2,0,4,77,1489417353,177
nanopi-neo-air,2,0,4,81,1489417354,178
nanopi-neo-air,2,0,4,80,1489417355,179
nanopi-neo-air,2,0,4,77,1489417356,180
nanopi-neo-air,2,0,4,81,1489417357,181
nanopi-neo-air,2,0,4,78,1489417358,182
nanopi-neo-air,2,0,4,78,1489417359,183
nanopi-neo-air,2,0,4,82,1489417361,185
nanopi-neo-air,2,0,4,78,1489417362,186
nanopi-neo-air,2,0,4,79,1489417363,187
nanopi-neo-air,2,0,4,83,1489417364,188
nanopi-neo-air,2,0,4,77,1489417365,189
nanopi-neo-air,2,0,4,81,1489417366,190
nanopi-neo-air,2,0,4,81,1489417367,191
nanopi-neo-air,2,0,4,77,1489417368,192
nanopi-neo-air,2,0,4,81,1489417369,193
nanopi-neo-air,2,0,4,80,1489417370,194
nanopi-neo-air,2,0,4,70,1489417371,195
nanopi-neo-air,2,0,4,71,1489417372,196
nanopi-neo-air,2,0,4,74,1489417374,198
nanopi-neo-air,2,0,4,76,1489417375,199
nanopi-neo-air,2,0,4,78,1489417376,200
nanopi-neo-air,2,0,4,79,1489417377,201
nanopi-neo-air,2,0,4,80,1489417378,202
nanopi-neo-air,2,0,4,78,1489417379,203
nanopi-neo-air,2,0,4,76,1489417380,204
nanopi-neo-air,2,0,4,81,1489417381,205
nanopi-neo-air,2,0,4,76,1489417382,206
nanopi-neo-air,2,0,4,80,1489417384,208
nanopi-neo-air,2,0,4,76,1489417385,209
nanopi-neo-air,2,0,4,80,1489417386,210
nanopi-neo-air,2,0,4,79,1489417387,211
nanopi-neo-air,2,0,4,77,1489417388,212
nanopi-neo-air,2,0,4,81,1489417389,213
nanopi-neo-air,2,0,4,76,1489417390,214
nanopi-neo-air,2,0,4,80,1489417391,215
nanopi-neo-air,2,0,4,80,1489417393,217
nanopi-neo-air,2,0,4,76,1489417394,218
nanopi-neo-air,2,0,4,80,1489417395,219
nanopi-neo-air,2,0,4,80,1489417396,220
nanopi-neo-air,2,0,4,77,1489417397,221
nanopi-neo-air,2,0,4,82,1489417398,222
nanopi-neo-air,2,0,4,77,1489417399,223
nanopi-neo-air,2,0,4,78,1489417400,224
nanopi-neo-air,2,0,4,82,1489417401,225
nanopi-neo-air,2,0,4,77,1489417402,226
nanopi-neo-air,2,0,4,81,1489417403,227
nanopi-neo-air,2,0,4,80,1489417405,229
nanopi-neo-air,2,0,4,77,1489417406,230
nanopi-neo-air,2,0,4,81,1489417407,231
nanopi-neo-air,2,0,4,81,1489417408,232
nanopi-neo-air,2,0,4,78,1489417409,233
nanopi-neo-air,2,0,4,82,1489417410,234
nanopi-neo-air,2,0,4,78,1489417411,235
nanopi-neo-air,2,0,4,79,1489417412,236
nanopi-neo-air,2,0,4,82,1489417413,237
nanopi-neo-air,2,0,4,78,1489417414,238
nanopi-neo-air,2,0,4,78,1489417415,239
nanopi-neo-air,2,0,4,81,1489417416,240
nanopi-neo-air,2,0,4,78,1489417417,241
nanopi-neo-air,2,0,4,82,1489417419,243
nanopi-neo-air,2,0,4,81,1489417420,244
nanopi-neo-air,2,0,4,78,1489417421,245
nanopi-neo-air,2,0,4,82,1489417422,246
nanopi-neo-air,2,0,4,79,1489417423,247
nanopi-neo-air,2,0,4,79,1489417424,248
nanopi-neo-air,2,0,4,83,1489417425,249
nanopi-neo-air,2,0,4,79,1489417426,250
nanopi-neo-air,2,0,4,79,1489417427,251
nanopi-neo-air,2,0,4,83,1489417428,252
nanopi-neo-air,2,0,4,78,1489417429,253
nanopi-neo-air,2,0,4,82,1489417430,254
nanopi-neo-air,2,0,4,82,1489417432,256
nanopi-neo-air,2,0,4,78,1489417433,257
nanopi-neo-air,2,0,4,83,1489417434,258
nanopi-neo-air,2,0,4,81,1489417435,259
nanopi-neo-air,2,0,4,80,1489417436,260
nanopi-neo-air,2,0,4,82,1489417437,261
nanopi-neo-air,2,0,4,78,1489417438,262
nanopi-neo-air,2,0,4,83,1489417439,263
nanopi-neo-air,2,0,4,82,1489417440,264
nanopi-neo-air,2,0,4,79,1489417441,265
nanopi-neo-air,2,0,4,82,1489417442,266
nanopi-neo-air,2,0,4,78,1489417443,267
nanopi-neo-air,2,0,4,83,1489417445,269
nanopi-neo-air,2,0,4,79,1489417446,270
nanopi-neo-air,2,0,4,79,1489417447,271
nanopi-neo-air,2,0,4,83,1489417448,272
nanopi-neo-air,2,0,4,79,1489417449,273
nanopi-neo-air,2,0,4,83,1489417450,274
nanopi-neo-air,2,0,4,79,1489417451,275
nanopi-neo-air,2,0,4,83,1489417452,276
nanopi-neo-air,2,0,4,82,1489417453,277
nanopi-neo-air,2,0,4,79,1489417455,279
nanopi-neo-air,2,0,4,79,1489417456,280
nanopi-neo-air,2,0,4,84,1489417457,281
nanopi-neo-air,2,0,4,79,1489417458,282
nanopi-neo-air,2,0,4,83,1489417459,283
nanopi-neo-air,2,0,4,79,1489417460,284
nanopi-neo-air,2,0,4,80,1489417461,285
nanopi-neo-air,2,0,4,82,1489417462,286
nanopi-neo-air,2,0,4,78,1489417463,287
nanopi-neo-air,2,0,4,82,1489417464,288
nanopi-neo-air,2,0,4,79,1489417465,289
nanopi-neo-air,2,0,4,80,1489417467,291
nanopi-neo-air,2,0,4,79,1489417468,292
nanopi-neo-air,2,0,4,79,1489417469,293
nanopi-neo-air,2,0,4,84,1489417470,294
nanopi-neo-air,2,0,4,79,1489417471,295
nanopi-neo-air,2,0,4,80,1489417472,296
nanopi-neo-air,2,0,4,82,1489417473,297
nanopi-neo-air,2,0,4,80,1489417474,298
nanopi-neo-air,2,0,4,82,1489417475,299
nanopi-neo-air,2,0,4,79,1489417477,301
nanopi-neo-air,2,0,4,83,1489417478,302
nanopi-neo-air,2,0,4,79,1489417479,303
nanopi-neo-air,2,0,4,80,1489417480,304
nanopi-neo-air,2,0,4,79,1489417481,305
nanopi-neo-air,2,0,4,80,1489417482,306
nanopi-neo-air,2,0,4,82,1489417483,307
nanopi-neo-air,2,0,4,79,1489417484,308
nanopi-neo-air,2,0,4,83,1489417485,309
nanopi-neo-air,2,0,4,80,1489417486,310
nanopi-neo-air,2,0,4,80,1489417487,311
nanopi-neo-air,2,0,4,82,1489417488,312
nanopi-neo-air,2,0,4,79,1489417490,314
nanopi-neo-air,2,0,4,80,1489417491,315
nanopi-neo-air,2,0,4,82,1489417492,316
nanopi-neo-air,2,0,4,78,1489417493,317
nanopi-neo-air,2,0,4,83,1489417494,318
nanopi-neo-air,2,0,4,82,1489417495,319
nanopi-neo-air,2,0,4,79,1489417496,320
nanopi-neo-air,2,0,4,80,1489417497,321
nanopi-neo-air,2,0,4,82,1489417498,322
nanopi-neo-air,2,0,4,79,1489417499,323
nanopi-neo-air,2,0,4,83,1489417500,324
nanopi-neo-air,2,0,4,80,1489417501,325
nanopi-neo-air,2,0,4,79,1489417503,327
nanopi-neo-air,2,0,4,83,1489417504,328
nanopi-neo-air,2,0,4,79,1489417505,329
nanopi-neo-air,2,0,4,80,1489417506,330
nanopi-neo-air,2,0,4,80,1489417507,331
nanopi-neo-air,2,0,4,78,1489417508,332
nanopi-neo-air,2,0,4,83,1489417509,333
nanopi-neo-air,2,0,4,80,1489417510,334
nanopi-neo-air,2,0,4,79,1489417511,335
nanopi-neo-air,2,0,4,83,1489417512,336
nanopi-neo-air,2,0,4,79,1489417513,337
nanopi-neo-air,2,0,4,83,1489417514,338
nanopi-neo-air,2,0,4,80,1489417516,340
nanopi-neo-air,2,0,4,79,1489417517,341
nanopi-neo-air,2,0,4,83,1489417518,342
nanopi-neo-air,2,0,4,80,1489417519,343
nanopi-neo-air,2,0,4,80,1489417520,344
nanopi-neo-air,2,0,4,82,1489417521,345
nanopi-neo-air,2,0,4,79,1489417522,346
nanopi-neo-air,2,0,4,83,1489417523,347
nanopi-neo-air,2,0,4,80,1489417524,348
nanopi-neo-air,2,0,4,79,1489417525,349
nanopi-neo-air,2,0,4,82,1489417526,350
nanopi-neo-air,2,0,4,79,1489417527,351
nanopi-neo-air,2,0,4,80,1489417529,353
nanopi-neo-air,2,0,4,83,1489417530,354
nanopi-neo-air,2,0,4,79,1489417531,355
nanopi-neo-air,2,0,4,80,1489417532,356
nanopi-neo-air,2,0,4,80,1489417533,357
nanopi-neo-air,2,0,4,79,1489417534,358
nanopi-neo-air,2,0,4,83,1489417535,359
nanopi-neo-air,2,0,4,80,1489417536,360
nanopi-neo-air,2,0,4,79,1489417537,361
nanopi-neo-air,2,0,4,84,1489417538,362
nanopi-neo-air,2,0,4,79,1489417539,363
nanopi-neo-air,2,0,4,80,1489417540,364
nanopi-neo-air,2,0,4,83,1489417542,366
nanopi-neo-air,2,0,4,79,1489417543,367
nanopi-neo-air,2,0,4,80,1489417544,368
nanopi-neo-air,2,0,4,83,1489417545,369
nanopi-neo-air,2,0,4,79,1489417546,370
nanopi-neo-air,2,0,4,83,1489417547,371
nanopi-neo-air,2,0,4,80,1489417548,372
nanopi-neo-air,2,0,4,79,1489417549,373
nanopi-neo-air,2,0,4,84,1489417550,374
nanopi-neo-air,2,0,4,80,1489417551,375
nanopi-neo-air,2,0,4,80,1489417552,376
nanopi-neo-air,2,0,4,82,1489417553,377
nanopi-neo-air,2,0,4,79,1489417555,379
nanopi-neo-air,2,0,4,81,1489417556,380
nanopi-neo-air,2,0,4,83,1489417557,381
nanopi-neo-air,2,0,4,79,1489417558,382
nanopi-neo-air,2,0,4,84,1489417559,383
nanopi-neo-air,2,0,4,80,1489417560,384
nanopi-neo-air,2,0,4,79,1489417561,385
nanopi-neo-air,2,0,4,83,1489417562,386
nanopi-neo-air,2,0,4,79,1489417563,387
nanopi-neo-air,2,0,4,81,1489417564,388
nanopi-neo-air,2,0,4,80,1489417565,389
nanopi-neo-air,2,0,4,79,1489417566,390
nanopi-neo-air,2,0,4,84,1489417568,392
nanopi-neo-air,2,0,4,80,1489417569,393
nanopi-neo-air,2,0,4,79,1489417570,394
nanopi-neo-air,2,0,4,84,1489417571,395
nanopi-neo-air,2,0,4,80,1489417572,396
nanopi-neo-air,2,0,4,79,1489417573,397
nanopi-neo-air,2,0,4,84,1489417574,398
nanopi-neo-air,2,0,4,80,1489417575,399
nanopi-neo-air,2,0,4,79,1489417576,400
nanopi-neo-air,2,0,4,84,1489417577,401
nanopi-neo-air,2,0,4,79,1489417578,402
nanopi-neo-air,2,0,4,81,1489417579,403
nanopi-neo-air,2,0,4,83,1489417581,405
nanopi-neo-air,2,0,4,80,1489417582,406
nanopi-neo-air,2,0,4,79,1489417583,407
nanopi-neo-air,2,0,4,84,1489417584,408
nanopi-neo-air,2,0,4,79,1489417585,409
nanopi-neo-air,2,0,4,80,1489417586,410
nanopi-neo-air,2,0,4,83,1489417587,411
nanopi-neo-air,2,0,4,79,1489417588,412
nanopi-neo-air,2,0,4,81,1489417589,413
nanopi-neo-air,2,0,4,83,1489417590,414
nanopi-neo-air,2,0,4,79,1489417591,415
nanopi-neo-air,2,0,4,80,1489417592,416
nanopi-neo-air,2,0,4,83,1489417594,418
nanopi-neo-air,2,0,4,79,1489417595,419
nanopi-neo-air,2,0,4,81,1489417596,420
nanopi-neo-air,2,0,4,83,1489417597,421
nanopi-neo-air,2,0,4,79,1489417598,422
nanopi-neo-air,2,0,4,80,1489417599,423
nanopi-neo-air,2,0,4,83,1489417600,424
nanopi-neo-air,2,0,4,79,1489417601,425
nanopi-neo-air,2,0,4,81,1489417602,426
nanopi-neo-air,2,0,4,83,1489417603,427
nanopi-neo-air,2,0,4,79,1489417604,428
nanopi-neo-air,2,0,4,84,1489417605,429
nanopi-neo-air,2,0,4,80,1489417607,431
nanopi-neo-air,2,0,4,79,1489417608,432
nanopi-neo-air,2,0,4,80,1489417609,433
nanopi-neo-air,2,0,4,83,1489417610,434
nanopi-neo-air,2,0,4,80,1489417611,435
nanopi-neo-air,2,0,4,81,1489417612,436
nanopi-neo-air,2,0,4,83,1489417613,437
nanopi-neo-air,2,0,4,79,1489417614,438
nanopi-neo-air,2,0,4,81,1489417615,439
nanopi-neo-air,2,0,4,82,1489417616,440
nanopi-neo-air,2,0,4,80,1489417617,441
nanopi-neo-air,2,0,4,80,1489417618,442
nanopi-neo-air,2,0,4,83,1489417619,443
nanopi-neo-air,2,0,4,79,1489417621,445
nanopi-neo-air,2,0,4,81,1489417622,446
nanopi-neo-air,2,0,4,83,1489417623,447
nanopi-neo-air,2,0,4,80,1489417624,448
nanopi-neo-air,2,0,4,81,1489417625,449
nanopi-neo-air,2,0,4,83,1489417626,450
nanopi-neo-air,2,0,4,79,1489417627,451
nanopi-neo-air,2,0,4,80,1489417628,452
nanopi-neo-air,2,0,4,83,1489417629,453
nanopi-neo-air,2,0,4,80,1489417630,454
nanopi-neo-air,2,0,4,80,1489417631,455
nanopi-neo-air,2,0,4,83,1489417632,456
nanopi-neo-air,2,0,4,79,1489417634,458
nanopi-neo-air,2,0,4,81,1489417635,459
nanopi-neo-air,2,0,4,83,1489417636,460
nanopi-neo-air,2,0,4,80,1489417637,461
nanopi-neo-air,2,0,4,81,1489417638,462
nanopi-neo-air,2,0,4,83,1489417639,463
nanopi-neo-air,2,0,4,79,1489417640,464
nanopi-neo-air,2,0,4,80,1489417641,465
nanopi-neo-air,2,0,4,83,1489417642,466
nanopi-neo-air,2,0,4,80,1489417643,467
nanopi-neo-air,2,0,4,81,1489417644,468
nanopi-neo-air,2,0,4,83,1489417645,469
nanopi-neo-air,2,0,4,80,1489417647,471
nanopi-neo-air,2,0,4,79,1489417648,472
nanopi-neo-air,2,0,4,84,1489417649,473
nanopi-neo-air,2,0,4,80,1489417650,474
nanopi-neo-air,2,0,4,79,1489417651,475
nanopi-neo-air,2,0,4,84,1489417652,476
nanopi-neo-air,2,0,4,80,1489417653,477
nanopi-neo-air,2,0,4,79,1489417654,478
nanopi-neo-air,2,0,4,80,1489417655,479
nanopi-neo-air,2,0,4,83,1489417656,480
nanopi-neo-air,2,0,4,79,1489417657,481
nanopi-neo-air,2,0,4,81,1489417658,482
nanopi-neo-air,2,0,4,83,1489417660,484
nanopi-neo-air,2,0,4,80,1489417661,485
nanopi-neo-air,2,0,4,79,1489417662,486
nanopi-neo-air,2,0,4,84,1489417663,487
nanopi-neo-air,2,0,4,80,1489417664,488
nanopi-neo-air,2,0,4,79,1489417665,489
nanopi-neo-air,2,0,4,84,1489417666,490
nanopi-neo-air,2,0,4,80,1489417667,491
nanopi-neo-air,2,0,4,79,1489417668,492
nanopi-neo-air,2,0,4,80,1489417669,493
nanopi-neo-air,2,0,4,80,1489417670,494
nanopi-neo-air,2,0,4,79,1489417671,495
nanopi-neo-air,2,0,4,84,1489417673,497
nanopi-neo-air,2,0,4,81,1489417674,498
nanopi-neo-air,2,0,4,79,1489417675,499
nanopi-neo-air,2,0,4,80,1489417676,500
nanopi-neo-air,2,0,4,80,1489417677,501
nanopi-neo-air,2,0,4,79,1489417678,502
nanopi-neo-air,2,0,4,80,1489417679,503
nanopi-neo-air,2,0,4,83,1489417680,504
nanopi-neo-air,2,0,4,80,1489417681,505
nanopi-neo-air,2,0,4,79,1489417682,506
nanopi-neo-air,2,0,4,84,1489417683,507
nanopi-neo-air,2,0,4,80,1489417684,508
nanopi-neo-air,2,0,4,79,1489417686,510
nanopi-neo-air,2,0,4,84,1489417687,511
nanopi-neo-air,2,0,4,80,1489417688,512
nanopi-neo-air,2,0,4,79,1489417689,513
nanopi-neo-air,2,0,4,81,1489417690,514
nanopi-neo-air,2,0,4,80,1489417691,515
nanopi-neo-air,2,0,4,79,1489417692,516
nanopi-neo-air,2,0,4,80,1489417693,517
nanopi-neo-air,2,0,4,83,1489417694,518
nanopi-neo-air,2,0,4,79,1489417695,519
nanopi-neo-air,2,0,4,80,1489417696,520
nanopi-neo-air,2,0,4,80,1489417697,521
nanopi-neo-air,2,0,4,79,1489417698,522
nanopi-neo-air,2,0,4,84,1489417700,524
nanopi-neo-air,2,0,4,81,1489417701,525
nanopi-neo-air,2,0,4,80,1489417702,526
nanopi-neo-air,2,0,4,79,1489417703,527
nanopi-neo-air,2,0,4,83,1489417704,528
nanopi-neo-air,2,0,4,79,1489417705,529
nanopi-neo-air,2,0,4,81,1489417706,530
nanopi-neo-air,2,0,4,83,1489417707,531
nanopi-neo-air,2,0,4,80,1489417708,532
nanopi-neo-air,2,0,4,79,1489417709,533
nanopi-neo-air,2,0,4,83,1489417710,534
nanopi-neo-air,2,0,4,80,1489417711,535
nanopi-neo-air,2,0,4,79,1489417713,537
nanopi-neo-air,2,0,4,84,1489417714,538
nanopi-neo-air,2,0,4,80,1489417715,539
nanopi-neo-air,2,0,4,79,1489417716,540
nanopi-neo-air,2,0,4,84,1489417717,541
nanopi-neo-air,2,0,4,80,1489417718,542
nanopi-neo-air,2,0,4,79,1489417719,543
nanopi-neo-air,2,0,4,84,1489417720,544
nanopi-neo-air,2,0,4,80,1489417721,545
nanopi-neo-air,2,0,4,80,1489417722,546
nanopi-neo-air,2,0,4,79,1489417723,547
nanopi-neo-air,2,0,4,83,1489417724,548
nanopi-neo-air,2,0,4,80,1489417725,549
nanopi-neo-air,2,0,4,79,1489417727,551
nanopi-neo-air,2,0,4,81,1489417728,552
nanopi-neo-air,2,0,4,83,1489417729,553
nanopi-neo-air,2,0,4,80,1489417730,554
nanopi-neo-air,2,0,4,80,1489417731,555
nanopi-neo-air,2,0,4,83,1489417732,556
nanopi-neo-air,2,0,4,80,1489417733,557
nanopi-neo-air,2,0,4,79,1489417734,558
nanopi-neo-air,2,0,4,84,1489417735,559
nanopi-neo-air,2,0,4,80,1489417736,560
nanopi-neo-air,2,0,4,79,1489417737,561
nanopi-neo-air,2,0,4,84,1489417738,562
nanopi-neo-air,2,0,4,80,1489417740,564
nanopi-neo-air,2,0,4,79,1489417741,565
nanopi-neo-air,2,0,4,80,1489417742,566
nanopi-neo-air,2,0,4,83,1489417743,567
nanopi-neo-air,2,0,4,80,1489417744,568
nanopi-neo-air,2,0,4,79,1489417745,569
nanopi-neo-air,2,0,4,84,1489417746,570
nanopi-neo-air,2,0,4,80,1489417747,571
nanopi-neo-air,2,0,4,79,1489417748,572
nanopi-neo-air,2,0,4,80,1489417749,573
nanopi-neo-air,2,0,4,80,1489417750,574
nanopi-neo-air,2,0,4,79,1489417751,575
nanopi-neo-air,2,0,4,81,1489417753,577
nanopi-neo-air,2,0,4,83,1489417754,578
nanopi-neo-air,2,0,4,80,1489417755,579
nanopi-neo-air,2,0,4,79,1489417756,580
nanopi-neo-air,2,0,4,84,1489417757,581
nanopi-neo-air,2,0,4,80,1489417758,582
nanopi-neo-air,2,0,4,79,1489417759,583
nanopi-neo-air,2,0,4,84,1489417760,584
nanopi-neo-air,2,0,4,80,1489417761,585
nanopi-neo-air,2,0,4,79,1489417762,586
nanopi-neo-air,2,0,4,81,1489417763,587
nanopi-neo-air,2,0,4,80,1489417764,588
nanopi-neo-air,2,0,4,79,1489417765,589
nanopi-neo-air,2,0,4,81,1489417767,591
nanopi-neo-air,2,0,4,83,1489417768,592
nanopi-neo-air,2,0,4,80,1489417769,593
nanopi-neo-air,2,0,4,79,1489417770,594
nanopi-neo-air,2,0,4,83,1489417771,595
nanopi-neo-air,2,0,4,80,1489417772,596
nanopi-neo-air,2,0,4,79,1489417773,597
nanopi-neo-air,2,0,4,84,1489417774,598
nanopi-neo-air,2,0,4,80,1489417775,599
nanopi-neo-air,2,0,4,79,1489417776,600
nanopi-neo-air,2,0,4,84,1489417777,601
nanopi-neo-air,2,0,4,80,1489417778,602
nanopi-neo-air,2,0,4,79,1489417780,604
nanopi-neo-air,2,0,4,81,1489417781,605
nanopi-neo-air,2,0,4,83,1489417782,606
nanopi-neo-air,2,0,4,79,1489417783,607
nanopi-neo-air,2,0,4,84,1489417784,608
nanopi-neo-air,2,0,4,81,1489417785,609
nanopi-neo-air,2,0,4,79,1489417786,610
nanopi-neo-air,2,0,4,81,1489417787,611
nanopi-neo-air,2,0,4,83,1489417788,612
nanopi-neo-air,2,0,4,80,1489417789,613
nanopi-neo-air,2,0,4,79,1489417790,614
nanopi-neo-air,2,0,4,83,1489417791,615
nanopi-neo-air,2,0,4,80,1489417793,617
nanopi-neo-air,2,0,4,79,1489417794,618
nanopi-neo-air,2,0,4,80,1489417795,619
nanopi-neo-air,2,0,4,83,1489417796,620
nanopi-neo-air,2,0,4,80,1489417797,621
nanopi-neo-air,2,0,4,81,1489417798,622
nanopi-neo-air,2,0,4,83,1489417799,623
nanopi-neo-air,2,0,4,80,1489417800,624
nanopi-neo-air,2,0,4,79,1489417801,625
nanopi-neo-air,2,0,4,84,1489417802,626
nanopi-neo-air,2,0,4,81,1489417803,627
nanopi-neo-air,2,0,4,79,1489417804,628
nanopi-neo-air,2,0,4,84,1489417805,629
nanopi-neo-air,2,0,4,80,1489417807,631
nanopi-neo-air,2,0,4,80,1489417808,632
nanopi-neo-air,2,0,4,79,1489417809,633
nanopi-neo-air,2,0,4,84,1489417810,634
nanopi-neo-air,2,0,4,80,1489417811,635
nanopi-neo-air,2,0,4,79,1489417812,636
nanopi-neo-air,2,0,4,81,1489417813,637
nanopi-neo-air,2,0,4,83,1489417814,638
nanopi-neo-air,2,0,4,80,1489417815,639
nanopi-neo-air,2,0,4,79,1489417816,640
nanopi-neo-air,2,0,4,83,1489417817,641
nanopi-neo-air,2,0,4,80,1489417818,642
nanopi-neo-air,2,0,4,79,1489417820,644
nanopi-neo-air,2,0,4,84,1489417821,645
nanopi-neo-air,2,0,4,80,1489417822,646
nanopi-neo-air,2,0,4,79,1489417823,647
nanopi-neo-air,2,0,4,84,1489417824,648
nanopi-neo-air,2,0,4,81,1489417825,649
nanopi-neo-air,2,0,4,80,1489417826,650
nanopi-neo-air,2,0,4,79,1489417827,651
nanopi-neo-air,2,0,4,80,1489417828,652
nanopi-neo-air,2,0,4,83,1489417829,653
nanopi-neo-air,2,0,4,79,1489417830,654
nanopi-neo-air,2,0,4,81,1489417831,655
nanopi-neo-air,2,0,4,83,1489417833,657
nanopi-neo-air,2,0,4,80,1489417834,658
nanopi-neo-air,2,0,4,79,1489417835,659
nanopi-neo-air,2,0,4,84,1489417836,660
nanopi-neo-air,2,0,4,80,1489417837,661
nanopi-neo-air,2,0,4,79,1489417838,662
nanopi-neo-air,2,0,4,81,1489417839,663
nanopi-neo-air,2,0,4,83,1489417840,664
nanopi-neo-air,2,0,4,80,1489417841,665
nanopi-neo-air,2,0,4,79,1489417842,666
nanopi-neo-air,2,0,4,81,1489417843,667
nanopi-neo-air,2,0,4,81,1489417844,668
nanopi-neo-air,2,0,4,79,1489417845,669
nanopi-neo-air,2,0,4,81,1489417847,671
nanopi-neo-air,2,0,4,81,1489417848,672
nanopi-neo-air,2,0,4,80,1489417849,673
nanopi-neo-air,2,0,4,79,1489417850,674
nanopi-neo-air,2,0,4,84,1489417851,675
nanopi-neo-air,2,0,4,80,1489417852,676
nanopi-neo-air,2,0,4,79,1489417853,677
nanopi-neo-air,2,0,4,84,1489417854,678
nanopi-neo-air,2,0,4,80,1489417855,679
nanopi-neo-air,2,0,4,79,1489417857,681
nanopi-neo-air,2,0,4,81,1489417858,682
nanopi-neo-air,2,0,4,83,1489417859,683
nanopi-neo-air,2,0,4,80,1489417860,684
nanopi-neo-air,2,0,4,81,1489417861,685
nanopi-neo-air,2,0,4,83,1489417862,686
nanopi-neo-air,2,0,4,80,1489417863,687
nanopi-neo-air,2,0,4,79,1489417864,688
nanopi-neo-air,2,0,4,84,1489417865,689
nanopi-neo-air,2,0,4,80,1489417866,690
nanopi-neo-air,2,0,4,79,1489417867,691
nanopi-neo-air,2,0,4,80,1489417868,692
nanopi-neo-air,2,0,4,83,1489417870,694
nanopi-neo-air,2,0,4,80,1489417871,695
nanopi-neo-air,2,0,4,79,1489417872,696
nanopi-neo-air,2,0,4,80,1489417873,697
nanopi-neo-air,2,0,4,80,1489417874,698
nanopi-neo-air,2,0,4,79,1489417875,699
nanopi-neo-air,2,0,4,81,1489417876,700
nanopi-neo-air,2,0,4,83,1489417877,701
nanopi-neo-air,2,0,4,80,1489417878,702
nanopi-neo-air,2,0,4,79,1489417879,703
nanopi-neo-air,2,0,4,81,1489417880,704
nanopi-neo-air,2,0,4,81,1489417881,705
nanopi-neo-air,2,0,4,80,1489417882,706
nanopi-neo-air,2,0,4,79,1489417884,708
nanopi-neo-air,2,0,4,84,1489417885,709
nanopi-neo-air,2,0,4,80,1489417886,710
nanopi-neo-air,2,0,4,79,1489417887,711
nanopi-neo-air,2,0,4,84,1489417888,712
nanopi-neo-air,2,0,4,80,1489417889,713
nanopi-neo-air,2,0,4,80,1489417890,714
nanopi-neo-air,2,0,4,79,1489417891,715
nanopi-neo-air,2,0,4,84,1489417892,716
nanopi-neo-air,2,0,4,80,1489417893,717
nanopi-neo-air,2,0,4,79,1489417894,718
nanopi-neo-air,2,0,4,84,1489417895,719
nanopi-neo-air,2,0,4,80,1489417897,721
nanopi-neo-air,2,0,4,79,1489417898,722
nanopi-neo-air,2,0,4,81,1489417899,723
nanopi-neo-air,2,0,4,83,1489417900,724
nanopi-neo-air,2,0,4,80,1489417901,725
nanopi-neo-air,2,0,4,79,1489417902,726
nanopi-neo-air,2,0,4,84,1489417903,727
nanopi-neo-air,2,0,4,81,1489417904,728
nanopi-neo-air,2,0,4,79,1489417905,729
nanopi-neo-air,2,0,4,84,1489417907,731
nanopi-neo-air,2,0,4,80,1489417908,732
nanopi-neo-air,2,0,4,80,1489417909,733
nanopi-neo-air,2,0,4,79,1489417910,734
nanopi-neo-air,2,0,4,83,1489417911,735
nanopi-neo-air,2,0,4,80,1489417912,736
nanopi-neo-air,2,0,4,79,1489417913,737
nanopi-neo-air,2,0,4,84,1489417914,738
nanopi-neo-air,2,0,4,80,1489417915,739
nanopi-neo-air,2,0,4,79,1489417916,740
nanopi-neo-air,2,0,4,80,1489417917,741
nanopi-neo-air,2,0,4,80,1489417918,742
nanopi-neo-air,2,0,4,79,1489417919,743
nanopi-neo-air,2,0,4,80,1489417921,745
nanopi-neo-air,2,0,4,83,1489417922,746
nanopi-neo-air,2,0,4,79,1489417923,747
nanopi-neo-air,2,0,4,80,1489417924,748
nanopi-neo-air,2,0,4,80,1489417925,749
nanopi-neo-air,2,0,4,79,1489417926,750
nanopi-neo-air,2,0,4,80,1489417927,751
nanopi-neo-air,2,0,4,82,1489417928,752
nanopi-neo-air,2,0,4,79,1489417929,753
nanopi-neo-air,2,0,4,81,1489417930,754
nanopi-neo-air,2,0,4,80,1489417931,755
nanopi-neo-air,2,0,4,79,1489417932,756
nanopi-neo-air,2,0,4,84,1489417934,758
nanopi-neo-air,2,0,4,80,1489417935,759
nanopi-neo-air,2,0,4,79,1489417936,760
nanopi-neo-air,2,0,4,83,1489417937,761
nanopi-neo-air,2,0,4,80,1489417938,762
nanopi-neo-air,2,0,4,79,1489417939,763
nanopi-neo-air,2,0,4,84,1489417940,764
nanopi-neo-air,2,0,4,80,1489417941,765
nanopi-neo-air,2,0,4,79,1489417942,766
nanopi-neo-air,2,0,4,83,1489417943,767
nanopi-neo-air,2,0,4,79,1489417944,768
nanopi-neo-air,2,0,4,80,1489417946,770
nanopi-neo-air,2,0,4,80,1489417947,771
nanopi-neo-air,2,0,4,79,1489417948,772
nanopi-neo-air,2,0,4,84,1489417949,773
nanopi-neo-air,2,0,4,79,1489417950,774
nanopi-neo-air,2,0,4,81,1489417951,775
nanopi-neo-air,2,0,4,83,1489417952,776
nanopi-neo-air,2,0,4,80,1489417953,777
nanopi-neo-air,2,0,4,79,1489417954,778
nanopi-neo-air,2,0,4,84,1489417955,779
nanopi-neo-air,2,0,4,80,1489417956,780
nanopi-neo-air,2,0,4,79,1489417957,781
nanopi-neo-air,2,0,4,84,1489417959,783
nanopi-neo-air,2,0,4,80,1489417960,784
nanopi-neo-air,2,0,4,79,1489417961,785
nanopi-neo-air,2,0,4,81,1489417962,786
nanopi-neo-air,2,0,4,83,1489417963,787
nanopi-neo-air,2,0,4,79,1489417964,788
nanopi-neo-air,2,0,4,81,1489417965,789
nanopi-neo-air,2,0,4,83,1489417966,790
nanopi-neo-air,2,0,4,80,1489417967,791
nanopi-neo-air,2,0,4,79,1489417968,792
nanopi-neo-air,2,0,4,83,1489417969,793
nanopi-neo-air,2,0,4,80,1489417970,794
nanopi-neo-air,2,0,4,79,1489417972,796
nanopi-neo-air,2,0,4,84,1489417973,797
nanopi-neo-air,2,0,4,80,1489417974,798
nanopi-neo-air,2,0,4,80,1489417975,799
nanopi-neo-air,2,0,4,79,1489417976,800
nanopi-neo-air,2,0,4,83,1489417977,801
nanopi-neo-air,2,0,4,80,1489417978,802
nanopi-neo-air,2,0,4,79,1489417979,803
nanopi-neo-air,2,0,4,80,1489417980,804
nanopi-neo-air,2,0,4,83,1489417981,805
nanopi-neo-air,2,0,4,79,1489417982,806
nanopi-neo-air,2,0,4,80,1489417983,807
nanopi-neo-air,2,0,4,83,1489417985,809
nanopi-neo-air,2,0,4,80,1489417986,810
nanopi-neo-air,2,0,4,79,1489417987,811
nanopi-neo-air,2,0,4,81,1489417988,812
nanopi-neo-air,2,0,4,80,1489417989,813
nanopi-neo-air,2,0,4,80,1489417990,814
nanopi-neo-air,2,0,4,79,1489417991,815
nanopi-neo-air,2,0,4,84,1489417992,816
nanopi-neo-air,2,0,4,80,1489417993,817
nanopi-neo-air,2,0,4,79,1489417994,818
nanopi-neo-air,2,0,4,81,1489417995,819
nanopi-neo-air,2,0,4,80,1489417996,820
nanopi-neo-air,2,0,4,79,1489417998,822
nanopi-neo-air,2,0,4,81,1489417999,823
nanopi-neo-air,2,0,4,83,1489418000,824
nanopi-neo-air,2,0,4,80,1489418001,825
nanopi-neo-air,2,0,4,79,1489418002,826
nanopi-neo-air,2,0,4,83,1489418003,827
nanopi-neo-air,2,0,4,80,1489418004,828
nanopi-neo-air,2,0,4,79,1489418005,829
nanopi-neo-air,2,0,4,81,1489418006,830
nanopi-neo-air,2,0,4,83,1489418007,831
nanopi-neo-air,2,0,4,80,1489418008,832
nanopi-neo-air,2,0,4,81,1489418009,833
nanopi-neo-air,2,0,4,83,1489418011,835
nanopi-neo-air,2,0,4,80,1489418012,836
nanopi-neo-air,2,0,4,79,1489418013,837
nanopi-neo-air,2,0,4,84,1489418014,838
nanopi-neo-air,2,0,4,80,1489418015,839
nanopi-neo-air,2,0,4,79,1489418016,840
nanopi-neo-air,2,0,4,81,1489418017,841
nanopi-neo-air,2,0,4,83,1489418018,842
nanopi-neo-air,2,0,4,80,1489418019,843
nanopi-neo-air,2,0,4,79,1489418020,844
nanopi-neo-air,2,0,4,84,1489418021,845
nanopi-neo-air,2,0,4,79,1489418022,846
nanopi-neo-air,2,0,4,81,1489418023,847
nanopi-neo-air,2,0,4,83,1489418025,849
nanopi-neo-air,2,0,4,80,1489418026,850
nanopi-neo-air,2,0,4,79,1489418027,851
nanopi-neo-air,2,0,4,84,1489418028,852
nanopi-neo-air,2,0,4,80,1489418029,853
nanopi-neo-air,2,0,4,79,1489418030,854
nanopi-neo-air,2,0,4,80,1489418031,855
nanopi-neo-air,2,0,4,80,1489418032,856
nanopi-neo-air,2,0,4,79,1489418033,857
nanopi-neo-air,2,0,4,81,1489418035,859
nanopi-neo-air,2,0,4,83,1489418036,860
nanopi-neo-air,2,0,4,80,1489418037,861
nanopi-neo-air,2,0,4,79,1489418038,862
nanopi-neo-air,2,0,4,83,1489418039,863
nanopi-neo-air,2,0,4,79,1489418040,864
nanopi-neo-air,2,0,4,81,1489418041,865
nanopi-neo-air,2,0,4,83,1489418042,866
nanopi-neo-air,2,0,4,80,1489418043,867
nanopi-neo-air,2,0,4,79,1489418044,868